,text,label,prediction
0,Reduserer usikkerhet Gir private aktører forutsigbarhet Sikrer innovasjon og omstilling,0,0
1,Staten må legge til rette for at kommuner kan føre en ambisiøs klimapolitikk.,5,5
2,"Norge skal bli et lavutslippssamfunn innen 2050. Kommunene bør få et tydelig og lovfestet ansvar for å bidra i omstillingen til et lavutslippssamfunn. Dersom Norge ikke lykkes med omstilling i kommunene, vil ikke Norge nå målet om å bli et lavutslippssamfunn.",1,0
3,Klimapolitikken må understøttes av et beslutningssystem som er bedre tilpasset målet om en helhetlig omstilling av samfunnet. I hope this helps! Let me know if you have any other questions.,1,1
4,"Skogen må regnes med i CO2-regnskapet, slik som i EU. Norske skoger tar opp 47 prosent av det samlede karbonutslippet, ifølge SSB. Det er ingen grunn til at Norge ikke skal inkludere skogen i regnskapet i likhet med andre land.",4,3
5,"Den tette koplinga mellom tilsette og frivillige styrker også kvaliteten i dei frivillige tenestene gjennom vegleiing og opplæring. Politikarane og offentleg tilsette kan i endå større grad spele på lag med DnK, ideelle organisasjonar, spreke pensjonistar og enkeltmenneske som gjerne vil bety noko for andre.",5,5
6,Økt teknologimodenhet og skalering/markedsutvikling vil på sikt kunne gi lavere tiltakskostnader. Det er nettverkseksternaliteter i den tidlige teknologiske fasen. Aktiviteten med null- og lavutslippsluftfartøy er liten. Avinor vurderer at det vil være behov for økonomiske virkemidler for omstillingen av sektoren også på lengre sikt.,2,2
7,Det er utallige forsøk som viser positive effekter av økte CO2-nivåer i atmosfæren. Effekten i praksis også er utnyttet for å gi bedre vekst i drivhus.,3,3
8,"Dette har vært praksis i mange andre EU-land i all tid, og var det også i Norge i eldre tider. I Norge lærer elevene ikke dette, men bare å bytte ut skadde deler med nye deler som kjøpes inn. Men det gir et svært dårlig klimaregnskap.",2,5
9,"Et helhetsperspektiv der effektiv ressursbruk og et konkurransedyktig næringsliv er en del av målbildet, og der utviklingen sikrer naturmangfold og velferdssamfunnet. Oppfølging av klimapolitikken må sees i sammenheng med ny politikk for arealer og natur, samt norsk konkurransekraft og verdiskaping.",0,0
10,"Klimakutt i allerede rene Norge, er veldig dyrt. Jo renere miksen er, jo dyrere blir kuttene. Climate cuts in already clean Norway are very expensive.",3,3
11,Klimakrav i CO2-kompensasjonsordningen og forbud mot fossil fyring Kvotesystemet bør fortsette å være viktigste virkemiddel Raskere utslippskutt og bidrag til kvotetakets nedtrapping mot null i 2040,5,5
12,"Forbruket og utslippet er mye høyere enn i mange av de landene EU lager regelverk og handlingsplan for.', Utvalget har oversett dette med for mye henvisninger til EU's arbeid.",2,5
13,"Grunnloven § 104 (the Norwegian Constitution, Section 104)', Kravet om å vurdere barnets beste (the requirement to assess the child's best interests) Varslet at hensynet til barns beste blir inkludert i den generelle veilederen til utredningsinstruksen våren 2024 (notified that the consideration of the child's best interests will be included in the general guidelines for investigations in the spring of 2024)",1,1
14,"Bruk av karbonfangst og -lagring på avfallsforbrenningsanlegg er et eksempel på et ledd i en lineær økonomi. I en sirkulær økonomi skal ressursene gå i et kretsløp, ikke havne i forbrenningsovnene. Vi må ikke komme i en situasjon der det investeres stort i karbonfangst og -lagring på forbrenningsanlegg, slik at det oppstår motvilje mot å ta i bruk virkemidler som resulterer i en sirkulær økonomi. Det betyr ikke at vi finner det uaktuelt å investere noe i dette, men kapasiteten må vurderes kritisk.",0,0
15,Elektrifiseringen av fiskeflåten er langsommere enn transporten til lands. Det er viktig å sikre regelverk for fartøyutforming som legger til rette for en energieffektiv skrogutforming eller plass til batteripakker. Både landstrøm og ladestrøm må på plass. Støtteordninger for elektrifisering av fiskeflåten er et nødvendig virkemiddel for å nå målet om å gå bort fra energikrevende drivstoff i fiskeflåten.,0,0
16,Det er nødvendig å moderniserenoforvaltningen og øke bruken av data og teknologi for åüge effektiviteten og kvaliteten på offentlige tjenester. Det er behov for å styrke samarbeidet mellom fürvaltningsnivåer og Virksomheter for å oppnå en mer koordinerte og effektive forvaltning. I hope this helps! Let me know if you have any further questions.,3,0
17,"Argument 3: The OECD has shown that the global ocean economy can double in size by 2030, but this is only possible if development is sustainable and takes into account the value of marine ecosystems. Argument 5: SINTEF emphasizes the need to close the knowledge gap regarding deep-sea ecosystems and the environmental impact of seabed mining in order to ensure sustainable exploitation of seabed minerals. Argument 7: The FjordLab infrastructure is crucial for future field testing and verification of technology that will support sustainable use of the ocean. Argument 9: SINTEF is involved in several EU projects aimed at developing digital twins, including the Iliad project.",2,2
18,"Klimasatsordningen bør videreføres Potten bør økes til minimum 200 mill. kr pr. år Kommuner/IPR som etablerer et formelt samarbeid om arealplanlegging og samfunnsutvikling, bør få tilskudd",1,1
19,"Støtter utvalgets forslag til hovedpilarene planlegge, gjennomføre og evaluere som er omtalt under kap. 17.1. Mer forpliktende samarbeid og involvering av de ulike departementene og jevnlig rapportering gjennom helhetlige klimaplaner til Stortinget er gode forslag. Samarbeid på tvers av fagetater og forvaltningsnivå er også viktig. Dette vil sørge for bedre samhandling på tvers og bidra til mer gjennomførbare og bindende politiske satsninger.",0,0
20,Behovet for å vurdere alternativer til de foreslåtte tiltakene som kan være mer kostnadseffektive og mindre inngripende. Åpne for å justere kursen basert på nye forskningsfunn og utviklingen i teknologien.,3,6
21,Samfunnsøkonomisk forsvarlighet: The measures must be evaluated to avoid unnecessary economic burdens on society. The arguments in Norwegian: Samfunnsøkonomisk forsvarlighet i klimapolitikken. Økonomiske byrder i samfunnet.,4,0
22,"En omstilling av energisystemet må imidlertid ikke gå på bekostning av tilgjengeligheten og prisene for energi. (A transformation of the energy system must not, however, come at the expense of accessibility and energy prices.)",1,1
23,"Kapittel 9: Økonomisk aktivitet, velferd og sirkularitet (Aemon\'s argument: A booming Chamberlain Hin Rubbish Crusher to make you feel good, but without thinking about the long-term effects on the environment and society.) (Argument 2: An economistic approach that controls all efficiency and productivity, but without taking into account the cost of living and working hours.) (Argument 3: A circular economy can help us achieve sustainable economic growth, but it raises several questions about property rights.) (Argument 4: We need to differentiate between economic growth and sustainable development.) (Argument 5: The core of a circular economy is to create a system in balance, where all values and challenges are native and integral part of the system.)",1,0
24,"A prerequisite for success is that the burdens are distributed fairly and that everyone is given the opportunity to participate and be part of the solution. The right decisions for the community must not be stopped by hidden power structures and strong economic self-interest. To achieve the goal, political leadership with courage, perseverance, and the ability to work long-term and focused is required.",0,0
25,"The EU is a key driver of an offensive climate policy, and hydrogen is a central part of this effort.', If the EU Commission's proposal to reduce emissions by 90% by 2040 is successful, it will mean that the EU will produce 20-35 million tons of renewable hydrogen in 2040 and increase hydrogen consumption from 8 to 55-99 million tons in 2040 and 185 million tons in 2050. 'For the Norwegian hydrogen industry, it is important to have regulatory predictability and the ability to compete on equal terms with the hydrogen industry in other countries.",0,0
26,Norway's per capita emissions are 7.5 tons of CO2 per person per year. China's total emissions are 10 billion tons of CO2 per year. China currently accounts for 30% of the world's total emissions (UN).,4,3
27,"Ho kjenner ingen rike, berre fattige som ho føder. (It knows no rich, only the poor that it nourishes.) Det er ein del av Guds eige du gir tilbake. (It is a part of God\'s own that you give back.)",5,5
28,"The state should provide the necessary framework for communities to pursue an ambitious climate policy. It is important that the legally binding responsibility is accompanied by sufficient means, resources, and economy to follow up.",1,1
29,Klimatoppmøtet COP28 var tydelig på at verden er avhengig av å lykkes med CCS dersom klimamålene skal nås. Norge er av landene som har best forutsetninger for å lykkes med CCS og produksjon av blått hydrogen. Vi har både lagringskapasitet for CO2 på norsk sokkel og kompetansen som skal til. For at norsk sokkel skal være et konkurransedyktig lagringssted for CO2 fra Norge og resten av Europa må det raskt bygges opp en storskala industri for CO2-håndtering i Norge. Norge må sørge for rammevilkår som vil gjøre det lønnsomt å realisere betydelig lagringskapasitet på norsk sokkel innen 2030.,2,2
30,Det foregår og er planlagt mye nedbygging av skog. Dette gir negative konsekvenser for grønn verdiskaping. Nedbyggingen må begrenses. Dette er nødvendig for å sikre fortsatt skogproduksjon og opptak over tid.,0,0
31,Et helhetlig bærekraftsperspektiv Nødvendighet i vurderingen av anbefalingene Et helhetlig bærekraftsperspektiv Nødvendighet i vurderingen av anbefalingene,1,1
32,It employs many people. There is no replacement for the revenue generated by the petroleum industry. The importance of the petroleum industry is being completely ignored. Petroleumsvirksomheten er motoren i den norske økonomien. Den sørger for enorme inntekter til statskassen. Det vil få enorme konsekvenser for samfunnet. Det blir det altså sett helt bort fra.,3,3
33,Karbonprising ikke er tilstrekkelig Andre virkemidler som regulatoriske og pedagogiske virkemidler tas i bruk når karbonprising ikke er tilstrekkelig,5,5
34,Klimamålene for 2030 og 2050 er politiske målsetninger. Loven inneholder bestemmelser om at regjeringen årlig rapporterer til Stortinget på måloppnåelsen.,0,0
35,"Tillegg sikrar petroleumsverksemda vår EU reinare energi enn kva dei ellers ville ha hatt. Vi erstattar brunt kol med reinare norsk gass. Vi er faktisk EUs største leverandør av utsleppskutt. Additional security of supply of clean energy for the EU than they would have had otherwise.', We are actually the EU's largest supplier of emission cuts.",4,4
36,"Permanent stopp i letevirksomhet uten direkte tilknytning til eksisterende infrastruktur. Utarbeidelse av en strategi for sluttfasen av norsk petroleumsvirksomhet, og at denne legges frem for Stortinget så raskt som mulig.",2,2
37,Kommunene har en sentral rolle i arealforvaltningen. Det er stort behov for å styrke kommunens virkemidler og kompetanse knyttet til dette feltet. Betydning av å få dette på plass raskt understrekes. Hvordan vi planlegger arealene har stor betydning for de samlede klimautslippene. Kommunene har en sentral rolle i arealforvaltningen. Det er stort behov for å styrke kommunens virkemidler og kompetanse knyttet til dette feltet. Å få dette på plass raskt er viktig.,1,1
38,"En slik presisering vil klargjøre at utslippskuttene skal skje nasjonalt, og ikke gjennom kvotekjøp, slik dagens klimalov åpner for. Utvalget argumenterer godt for at dette vil gi mer forutsigbarhet i klimapolitikken.",5,2
39,"The loss of nature is a threat to humanity equal to climate change, according to the United Nations. Achieving this goal will be challenging given the need to electrify energy consumption worldwide.",0,2
40,"Soil carbon sequestration is critical for mitigating climate change: The authors argue that soil carbon sequestration is a crucial strategy for reducing atmospheric CO2 levels and mitigating the impacts of climate change. Soil carbon sequestration in grasslands is affected by management practices: The authors argue that the effectiveness of soil carbon sequestration in grasslands is highly dependent on management practices, such as grazing, fertilization, and irrigation. Soil organic matter is key to carbon sequestration: The authors emphasize that soil organic matter is essential for carbon sequestration in grasslands, as it provides a source of carbon that can be stored in the soil for long periods. Soil disturbance can hinder carbon sequestration: The authors suggest that soil disturbance, such as tillage, can hinder carbon sequestration in grasslands by disrupting soil organic matter and reducing soil carbon stocks.",2,2
41,Spire ønsker å takke klimautvalget 2050 for muligheter til medvirkning underveis i utformingen.,0,0
42,"Utvalget påpeker også at det alltid må vurderes om andre virkemidler som offentlige anskaffelser kan være effektive. NHF mener at offentlige anskaffelser er et av de aller viktigste virkemidlene for å øke tempoet i omstillingen. Begge prosjektene har stor betydning for utvikling av helhetlige verdikjeder for hydrogen i Norge, og de bidrar til utvikling av teknologi og kompetanse som er attraktiv for et globalt marked. I sum øker dette den samfunnsmessige nytten av investeringene. Myndighetene kan på denne måten både legge til rette med virkemidler og stille krav til markedet for å oppnå ønskede effekter. NHF opplever at fylkeskommunene ønsker å være pådrivere på dette området. Det gjøres ikke av myndighetene i dag.",0,0
43,"Permanently stopping exploration activities not directly tied to existing infrastructure. Å redusere aktiviteten i petroleumsvirksomheten til under forventet aktivitetsnivå frem mot 2050 for å unngå at sektoren legger beslag på knappe ressurser som kraft og kompetanse, og dermed vanskeliggjør omstillingen til et lavutslippssamfunn. Å ikke bygge ny infrastruktur som binder oss til utslipp frem mot og forbi 2050.",5,5
44,"The saving of CO2 emissions is calculated based on the assumption that the rare earth metals used in the turbines will be mined and processed. In Norwegian, these arguments can be expressed as: Beregningen av CO2-utslippene er gjort basert på at de sjeldne jordmetallene brukt i turbinene vil bli utvunnet og foredlet.",4,4
45,"Utvalget har imidlertid unnlatt å drøfte/problematisere rundt de begrensingene og mulighetene Norge har til å endre innretningen av støtteordningene i matproduksjonen og over jordbruksavtalen. Særlig forutsetningene i WTO-avtale, men også artikkel 19 i EØS-avtalen og Råk-løsningen, legger beskrankninger for gjennomføring av utvalgets endringsforslag. De bundne tollsatsene for produkter ut over melk og kjøtt er til dels svært svake. En slik drøfting av forslagene opp mot dette er avgjørende for at endringsforslag skal framstå realitetsorientert.",0,0
46,"Den 19 km lange tunnelen i Follobanen er bygd i et komplisert område, under mye bebyggelse og er innvendig helt kledd med 40 cm tykke, armerte betongringer som veier nesten 30 tonn per meter per tunnelløp. Det vil trolig bare unntaksvis være snakk om full utstøping eller kledning med betongringer.",5,5
47,Introducing tax incentives for repair services and exploring tax benefits and liabilities related to the share of the business or portfolio that meets the minimum requirements in the taxonomy will make circular businesses more competitive.,0,0
48,"Vi må se karbonregnskapet i sammenheng for å løse både energi, klima og miljøutfordringene. Vi står overfor en meget stor oppgave i å transformere både vårt samfunn og hjelpe andre, med annet ressursgrunnlag, i å bli utslippsfrie og sirkulære.",0,0
49,"Lokal energiforsyning i form av gass, fjernvarme og bioenergi komplementerer og utfyller bruken av elektrisitet Dette er både mer skjønnsomt mot naturen Dette er fleksibelt",0,0
50,"Vi oppnår ikke reduksjon i utslipp av klimagasser fra avfallsbehandling før vi bruker virkemidler som reduserer mengdene avfall, øker utsorteringen eller gjør karbonfangst lønnsomt. Det er derfor viktig med like konkurransevilkår i markedet for at disse karbonfangstanleggene skal bli realisert.",0,0
51,Styrk Forskningsrådets innsats for utvikling av fremtidens lavutslippssamfunn. Dette vil kreve samarbeid på tvers av Forskningsrådets programstyrer.,2,2
52,Det er ikke gode grunner for å bruke store summer av penger for å redusere små utslipp til null.,3,3
53,"In English, this translates to: According to SSB.",4,4
54,"The emissions development over the next 10-15 years will largely determine how close we can get to the 1.5-degree target by the end of the century. There is no contradiction between rapid cuts and zero emissions in 2050, as both require a technological shift from fossil to renewable energy sources.",5,5
55,Man kan ikke gi råd om redusert inntak av kjøtt uten å vite om det er mulig å kompensere for de næringsstoffene som faller vekk gjennom råvarer som kan produseres i Norge. Man kan heller ikke øke produksjonen av grønt uten å vite om norske forbrukere faktisk vil spise mer av de grønnsakene og kornslagene som kan dyrkes mer av i Norge.,2,2
56,"Gassen som vi selv kunne brukt til å drive plattformene med, blir i stedet eksportert og brent i andre land. Det ser fint ut i klimaregnskapet, men det er bare på papiret. Moder Jord bryr seg ikke om hvor gassen blir brent. Verdifull strøm som vi har bruk for på land, blir i stedet sendt ut til plattformene.",3,3
57,Byggekostnadene og boligprisene blir vesentlig høyere for transformasjons\xadprosjekter på grå arealer enn for tilsvarende boliger på grønne arealer. The construction costs and housing prices are significantly higher for transformation projects on gray areas than for similar housing projects on green areas.,0,0
58,Utvalget har løftet dette området. Flere av anbefalingene bør nå følges opp med politiske vedtak. Det kan skje ved at vi opprettholder fokus på arealforvaltning ogsters moderniseringen av arealpolitikken.,0,0
59,"Regjeringens satsning på havvind med et mål om å tildele arealer tilsvarende 30 GW innen 2040 er en del av dette. Regjeringens ambisjon om tildeling av arealer tilsvarende 30 GW innen 2040 konkretiseres gjennom en plan for jevnlige utlysninger av havvind-areal i Norge, på samme måte som man har jevnlige tildelingsrunder i petroleumssektoren. En slik plan vil skape bedre forutsigbarhet for investeringer i havvind for norske utviklere og leverandører. Utvalget anbefales å elektrifisere ved hjelp av havvind for å reduser behovet for å bygge ut kraft på fastlandet, men har mindre effekt på utslippsreduksjoner.",2,2
60,Det må ikke føre til at kommunene mister selvråderetten over lokal arealpolitikk.,0,0
61,En reduksjon på 90-95 % av Norges klimagassutslipp Vil kreve grunnleggende endringer i samfunnet Som får direkte betydning for individer Offentlig virksomhet,0,0
62,Jernbane er det desidert mest energieffektive transportmiddelet. En nasjonalt nett trolig rundt 10 TWh kan spare opp verloren energi.,5,5
63,"Arbeidet til FNs klimapanel Mellom anna spesialrapportane om 1,5 graders global oppvarming Komande sjette hovudrapport FNs klimapanelens arbeid 1,5 graders global oppvarming Komande sjette hovudrapport",3,3
64,"The global food security situation has worsened over the past quarter century. This means that they did not have enough, safe, and nutritious food.",2,2
65,Such technologies that can provide permanent emissions cuts should be equivalent to regular reduction measures.,2,2
66,"Lower efficiency in production, with a rate of approximately 70% for renewable and low-carbon hydrogen from natural gas, and 55% for ammonia production Advantages of using hydrogen and ammonia as fuel: Ongoing technological development in fuel cells, with ammonia fuel cells currently being developed in Norway that can achieve 61-67% efficiency Note: The percentage values are approximate and may vary depending on the specific context and production methods.",0,0
67,"Det er rent egge med gevinster for klimaet, energi og areal. Det vil skape mindre press på å øke kapasiteten på infrastruktur som veier og broer. Sjøtransport er en mer bærekraftig transportløsning enn vei og jernbane. Det vil være en könn Arab bom profesjonelle og effektive transportløsninger.",0,0
68,Intakt natur har en viktig rolle i karbonbinding.,2,2
69,"Støtte til utslippsreduserende tiltak kan være både styrings- og kostnadseffektivt. FFM mener at det allerede eksisterer velprøvde virkemidler som er treffsikre og effektive, given enough funding for industrial projects. Utfordringen per i dag er at bevilgningene til ordningen er redusert, noe som begrenser ordningens relevans for industrien. Enovas ordninger har historisk utløst betydelige utslippskutt og energieffektivisering i stort omfang. Ved å inkludere energieffektivisering og utslippskutt i kvotepliktig sektor igjen som målekriterier, vil Enova kunne gjeninnføre tidligere velprøvde og vellykkede ordninger for industrien. FFM mener at karbondifferansekontrakter vil kunne være et godt egnet virkemiddel fremover. Dette vil være et kostnadseffektivt og treffsikkert virkemiddel for å utløse investeringer i nullutslippsteknologi, ved at støtten begrenses i henhold til faktisk utvikling i kvoteprisene.",0,0
70,Reduced travel time between Oslo and larger cities (approximately 2.5 hours) Simultaneous accommodation of slower freight trains through multiple bypassing options for faster passenger trains. Høyhastighets tog (250-300 km/t) i persontrafikk Mange stasjoner med et skiftende stoppe\xadmønster Samtidig tilrettelagt for saktere godstog gjennom mange forbikjøringsmuligheter for raskere persontog.,5,5
71,Vi trenger modellbaserte analyser av hvilke råvarer og næringsstoffer som vi kan få ut av det norske ressursgrunnlaget. (We need model-based analyses of which raw materials and nutrients we can get from the Norwegian resource base.),2,2
72,Tidligere forskningsleder for kulturlandskap i Bioforsk/NIBIO Mottaker av Nordisk råds Natur- og miljøpris 2005 for mitt arbeid med det nordiske kulturlandskapet Tidligere forskningsleder for kulturlandskap i Bioforsk/NIBIO Mottaker av Nordisk råds Natur- og miljøpris 2005 for mitt arbeid med det nordiske kulturlandskapet,2,2
73,"Skogbruket har fått god omtale i tidlegare rapportar som Klimakur 2020 og Klimakur 2030 utan at rammevilkåra i skogbruket har endra seg vesentleg. Det må være en bred tilnærming til virkemiddelbruk hvor juridiske, økonomiske og pedagogiske virkemidler benyttes.",3,3
74,"Å basere de politiske målene i hele matsystemet på at Norge skal bli et lavutslippssamfunn. Målene om matsikkerhet og beredskap, landbruk over hele landet, økt verdiskaping og bærekraftig landbruk underordnet nedskalering av produksjon av mat med høy utslipp av klimagasser.",1,2
75,Kommunalt eide selskaper skal omstille seg. Det er viktig å anerkjenne kommunalt eide selskapers bidrag til klima og miljø. Bidraget til klima og miljø kan være god avfallshåndtering. Havene kan spille en avgjørende rolle for miljøvennlig logistikk og grønn næringsutvikling.,0,0
76,"Det er behov for mer tverrfaglig samarbeid og koordinering mellom aktuelle aktører og sektorer. Det er behov for finansiering av tiltak for å redusere fysisk klimarisiko. Utviklingen av byen bør i stor grad skje på allerede utbygde arealer med et lavt arealforbruk. Regioner må ses i sammenheng når det gjelder bo- og arbeidsmarked. Bergen kommune er kritisk til å utvide Statsforvalterens fullmchter, innsigelsesrett og oppfølgingsansvar av kommunene. Arealbruk skal sees i en regional sammenheng, men gjennom dialog mellom kommuner i samme region.",1,1
77,MEF er opptatt av å ta sitt samfunns- og klimaansvar å bidra til å minimere skade på miljøet og redusere klimagassfotavtrykket ved anleggsvirksomhet. Samtidig skal trygge og gode arbeidsplasser og verdiskapning kunne gå hånd i hånd med arbeidet for å redusere klimagassfotavtrykket og med minimal skade på miljøet.,0,0
78,NHO ønsker velkommen en grundig diskusjon av disse spørsmålene Økt innsikt og forståelse om muligheter og veivalg i offentligheten vil legge grunnlag for en mindre polarisert debatt Brede kompromisser om klima- og energipolitikken fremover,0,0
79,"GWPtakes into account that a permanent change in emissions of short-lived climate drivers results in a temperature response similar to the effects of a one-time change in emissions of long-lived greenhouse gases, such as CO2. GWPis better suited for analyses aiming to assess temperature changes towards set targets.",2,2
80,"Treprodukter har lave energibruk i prosessering. Det er satt opp et mål om økt verdiskaping gjennom økt produksjon av trevirke, bioenergi og andre produkter og tjenester knytta til skog. Wood products have low energy consumption in processing. The goal is to increase value creation through increased production of wood products, bioenergy, and other products and services related to forests.",0,0
81,"Grønn Byggallianse praises the climate report for highlighting essential problem areas and hitting the nail on the head when it comes to central challenges and necessary changes for Norway to become a low-emission society. The climate report also highlights the need to consider the interconnectedness of climate gas emissions, land use, and resource use. The report states that the transition to a low-emission society will not happen without political leadership.', The government should propose changes to the use of measures in line with the committee's recommendations in its work on a new climate strategy.",0,0
82,Petroleumsvirksomheten er motoren i den norske økonomien. Petroleumsvirksomheten sørger for enorme inntekter til statskassen. En eventuell nedleggelse av petroleumsvirksomheten vil få enorme konsekvenser for samfunnet.,3,3
83,"The importance of mobility, exchange, and contact between people across places, cultures, and national borders for the development and societal value of art and culture. Det er viktig å anerkjenne og ivareta det som er spesielt med kunst- og kulturfeltet i overgangen til et lavutslippssamfunn. Mobilitet, utveksling og kontakt mellom mennesker på tvers av steder, kulturer og landegrenser er grunnleggende for kunst- og kulturlivets utvikling og samfunnsverdi.",1,1
84,\tThe AR5 WGII [2014] briefly discussed changes in global vegetation greenness derived from satellite proxies for photosynthetic activity. \tObserved trends varied in their strength and consistency \tAR5 thus made no confidence statement on observed changes. \tThe SRCCL [Special Report on Climate Change and Land 2019] subsequently concluded that greening had increased globally over the past 2–3 decades (high confidence). \tAR5 WGII [2014] diskuterte kort preganger i global vegetasjonsgrønnhet basert på satellittproxyer for fotosyntetisk aktivitet. \tObserverte trender varierte i deres styrke og konsistens. \tAR5 gjorde derfor ingen tillitsklderighedserklæring om observasjonelle endringer. \tSRCCL [Special Report on Climate Change and Land 2019] konkluderte deretter med at grøning hadde økt globalt over de siste 2-3 årtiondene (høy tillit).,3,3
85,"Klimakutt i allerede rene Norge, er veldig dyrt. Jo renere miksen er, jo dyrere blir kuttene. Climate cuts in already clean Norway are very expensive.",3,3
86,"Translation: Electrification is an important investment to reduce emissions of greenhouse gases and contribute to a sustainable future for the oil and gas industry on the Norwegian shelf. Translation: We believe that electrification will contribute to reducing emissions of greenhouse gases by up to 25% in 2030 compared to 2020 levels. Translation: Electrification will also help to increase the efficiency of oil and gas production, resulting in lower operating expenses and reduced need for energy consumption. Translation: We estimate that electrification will require investments of around 100 billion kroner in the period 2020-2030, but we believe that these investments will be economically viable or even profitable.",2,2
87,"EUs ambisjoner for utslippskutt, uttrykt i årlige utslippskutt, er langt mer ambisiøse enn andre internasjonale kvotehandelssystemer. Dette innebærer en betydelig høyere driftskostnad for norsk industri. Dette representerer en risiko for norske industribedrifter som konkurrerer på det internasjonale markedet, der det ikke er mulig å overføre nasjonale klimakostnader i produktprisene. Basert på fremtidige forventninger om utslippskutt er det viktig at EU åpner for fleksibilitet mht hvilke reduksjoner som tillates innenfor kvotesystemet. I dag er kun CCS (Carbon Capture and Storage) og CCU (Carbon Capture and Usage) tilleggsopsjoner for utslippsreduksjon.",2,2
88,Målet skal være at klimagassutslippene i 2030 reduseres med minst 50 og opp mot 55 prosent fra utslippsnivået i referanseåret 1990. Målet skal være at klimagassutslippene i 2030 reduseres med minst 55 prosent fra utslippsnivået i referanseåret 1990.,0,0
89,"Norge har kuttet under 5 prosent av utslippene, noe som er betydelig lavere enn andre land i Europa. Nøkkelen til omstillingen ligger i en helhetlig plan med kraftfulle tiltak.",0,0
90,"Fornybar energi vil medføre arealinngrep. Dersom det er liten eller ingen vekst i kraftforbruket fra ny industrietablering, vil det også være behov for mer fornybar energi og nettutbygging.",2,2
91,"En effektiv klimaomsørring depends on the involvement and engagement of various stakeholders, including the state, regional and local authorities, businesses, organizations, and individuals, which means An effective climate effort depends on the involvement and engagement of various stakeholders, including the state, regional and local authorities, businesses, organizations, and individuals. Klimaomsørring must be mainstreamed into all relevant policy areas and sectors to ensure a comprehensive and integrated approach, which means Climate action must be mainstreamed into all relevant policy areas and sectors to ensure a comprehensive and integrated approach. By investing in green infrastructure, we can create jobs, stimulate economic growth, and reduce our carbon footprint, which means By investing in green infrastructure, we can create jobs, stimulate economic growth, and reduce our carbon footprint.",1,1
92,"Rapporten legger til grunn at jordbruket kan gå ned til 3,8 millioner tonn CO2-ekvivalenter med tekniske forbedringer og reduksjon i kjøttforbruk. Yara mener god agronomi og balansert tilførsel av mineralsk og organisk gjødsel er nøkkelen til å sikre effektiv og forsvarlig matproduksjon.",2,2
93,The rail system will help structure transportation and societal development in a positive environmental way. These points are emphasized in the main goal of the Climate Committee 2050.,5,5
94,Akademikerne støtter utvalgets vurderinger av behovet for lederskap og at tydelige politiske signaler om omstilling vil gi større forutsigbarhet for alle aktører og legge til rette for en mer gradvis endring. Slike følges av en samlet strategi og virkemidler for å nå målet. Helhetlige politikkpakker vil ha stor betydning for om vi skal få til omstillingen til et lavutslippssamfunn.,0,0
95,"Utslipp fra norsk industri, både i og utenfor kvotepliktig sektor, må reduseres kraftig for at Norge skal kunne nå sine klimamål. For å realisere disse utslippskuttene er det nødvendig med en kombinasjon av virkemidler som legger til rette for en slik endring.",2,2
96,Tiltak som reduserer forbrukstoppene for elektrisitet bør prioriteres for å begrense presset på nettet og kraftsystemet. Innretningen av tilskudd til energieffektivisering bør endres slik at den også når de med lav inntekt.,1,1
97,SVs plan «Et grønt rettferdig skifte. grønn ny deal» Norge kan komme seg ut av klimakrisen,4,4
98,"Klimautvalget anbefaler at tidligfaseplanleggingsmodellen KVU/KS1 i større grad belyser hensyn til klima og natur. Konsekvensene for samfunnet vil være nær de samme, uansett finansiering, og da må det stilles krav til KVU/KS1 til alle utbygginger i statlig regi. For å ha nok penger til å opprettholde og videreutvikle distriktsflyplassene må Avinor tjene nok penger på de store flyplassene. Selskapet blir da avhengig av høy trafikk på ruter der alternativet til fly burde vinne fram, og er ikke tjent med virkemidler som begrenser flytrafikken eller en politikk som fremmer for eksempel digitale møter framfor fysisk reising. Den ulogiske taxfree-ordningen kan da også enkelt fjernes, samtidig som innførselskvotene på alkohol og tobakk reduseres.",0,0
99,Norge har verdens nest reneste energimiks etter Island.,3,3
100,Fylkeskommunens spesifikke tjenester og ansvar. Våre utfordringer og muligheter i samspill med andre partnere i regional samfunnsutvikling. Høringssvaret fra Buskerud fylkeskommune er overordnet og går ikke i detalj hverken på utvalgets arbeid eller på hvordan våre tjenester og oppgaver berøres.,1,1
101,The argument for not including the forest is related to the ambition level. The price for having a high ambition level is very high.,3,3
102,Økologisk landbruk skal ha mest mulig bruk av lokale ressurser. Økologisk landbruk skal ha en grovfôrbasert drøvtyggerproduksjon. Planteproduksjon for menneskemat er viktig. NORSØK vil framheve disse argumentene.,5,5
103,Fjern all reklame. Reklame får oss til å ønske mer. I hope this helps! Let me know if you have any further questions.,3,3
104,"NHO deler utvalgets oppfatning av at en økonomi som i større grad reduserer mengden nye ressurser som brukes og holder ressurser i kretsløpet lengst mulig kan bidra til å løse klimakrisen.', The NHO shares the committee's view that an economy that reduces the amount of new resources used and keeps resources in circulation for as long as possible can contribute to solving the climate crisis.",0,0
105,YS støtter anbefalingen om at det bør legges mindre vekt på å legge til rette for høy hastighet i veisystemet. Det vil også redusere konsekvenser av ulykker langs veiene.,0,0
106,"Næringstransporten vil elektrifiseres, og ladeinfrastruktur er i ferd med å etableres over hele landet. GLP ønsker med dette å adressere noen av disse utfordringene, som regjeringen bør ta med videre i behandlingen av NOUen. Elektrifisering av transportsektoren kan bidra til å oppnå dette.",5,5
107,Økt digital og datakompetanse er en nøkkel til en grønn omstilling i arbeidslivet. Mangel på digital kompetanse vil bremse omstillingen.,0,0
108,"Dette kan komme av at produktet/tjenesten de tilbyr utkonkurreres av ny teknologi. Dette kan komme av at investorer rømmer næringer som ikke klarer å demonstrere at de kan være en del av lavutslippssamfunnet. Byer og regioner løper noe av den samme risikoen for å miste sin konkurransekraft (både på produkter, tjenester og kompetanse) om man ikke henger med i omstillingen. Det er behov for tydeligere nasjonale føringer på hva som vil kreves av oss i den grønne omstillingen.",1,1
109,"Preserving and restoring forests and green areas ensures carbon sequestration and uptake. The way we manage natural resources, and first and foremost the areas related to energy management, is the biggest challenge ahead.",1,1
110,Please let me know how I can assist you further.,4,4
111,This translates to:,5,0
112,Dette er en svært ambisiøs målsetning. Målsetningen krever skyhøye investeringer.,0,0
113,"The country has abundant renewable energy resources, including wind, water, and biofuels Renewable energy can help reduce greenhouse gas emissions and combat climate change The current power grid is aging and in need of modernization The cost of renewable energy is decreasing, making it more competitive with fossil fuels Investing in renewable energy and a new power grid is a long-term investment in Norway\'s future and prosperity Landet har en rig mor relative til fornybare energikällor, einsattrende vind, vann og biobrennstoff Fornybar energi kan hjelpe til å redusere utslipp av klimagasser og bekjempe klimaendringene Det nåværende kraftnettet er gammelt og trenger modernisering",1,1
114,"The importance of framework for climate action, Fellesforbundet emphasizes the need for a framework for climate action to provide predictability for businesses and employees regarding what is required by the authorities. Renewable energy production is also crucial for a just transition, as it ensures emissions reductions at existing industrial facilities. The clean power will transform the industry to a market that prioritizes low emissions throughout the value chain from raw materials to finished products.', An alternative direction for Norway's energy policy, Fellesforbundet proposes a different direction for Norway's energy policy than the one advocated for by the Energy Commission, LO, and NHO's energy and industry political platform, and the Power Price Commission, which all support continued investment in Norway as a high-energy society with competitive power prices and a stable national power surplus. Fellesforbundet believes that low power prices should still be a goal in energy policy.",0,0
115,Vi skulle være et klimanøytralt samfunn pr. i dag dersom vi hadde tatt med skogen i CO2-reknskapene. We would be a climate-neutral society today if we had included forests in CO2 accounting.,4,3
116,"Spekter støtter videre de nasjonale prinsippene for klimapolitikken I hope that helps! If you have any further questions or need additional assistance, please let me know.",0,0
117,Aurskog-Høland kan være med å produsere fornybar energi. Kommunen should kostnadsberegne effektene av endret arealbruk.,1,1
118,Osloregionen mener det må gjøres viktige grep for å sikre at areal- og transportplanlegging og by- og tettstedsutvikling reduserer utslipp fra veitrafikk,0,0
119,"Bodø kommune støtter forslaget om kompetansesenter for kommuner innen sirkulærøkonomi. In English translation, these arguments would be: Bodø municipality supports the proposal for a competence center for municipalities in circular economy.",1,1
120,"YS støtter utvalgets anbefaling om at det raskt etableres et styrket klimastyringssystem i arbeidet med å omstille Norge. Etableringen av et styrket klimastyringssystem bør være gjenstand for en bred offentlig debatt, hvor partene i arbeidslivet involveres i arbeidet.",0,0
121,Jernbanens lave energiforbruk,5,5
122,Det jobbes med å etablere rutiner for klimabudsjett i forbindelse med handlings- og økonomiplanen. Det er bra at dette foreslås fastsatt ved lov slik at dette blir gjennomført i alle kommuner. Dette er verktøy som bør tilgjengeliggjøres nasjonalt/regionalt og ikke ble en tjeneste som hver kommune finansiere.,1,1
123,Då skal alle boliger ha energiklasse A.,4,4
124,"Det er behov for en totalsystemskimring av energisektoren, som innebærer en omfattende endring av energisystemet och en overgang til åWelcome. Det er behov for å utvinne mer av det potensialet for å recherere CO2 fra luften, for eksempel through afforestation and carbon capture and storage. Det er behov for å phase out fossil fuels and transition to renewable energy sources, such as solar and wind power. I hope this helps! Let me know if you have any other questions.",0,1
125,"EU utøver press på andre regioner. Norske aktører er godt posisjonert til å bidra til oppfyllelse av EUs målsetninger. Norske myndigheter har mulighet til å engasjere seg enda mer i regelverksutformingen i EU, innenfor strategisk viktige sektorer.",0,0
126,"The report lacks comprehensive economic and societal impact analyses, and the commission simply states that it is not within their mandate. The desire to become a low-emission society is evident, regardless of the cost, literally.",3,3
127,"Climate change is causing rising temperatures, more frequent and severe weather events, and altered ecosystems, which in turn lead to heat-related illnesses, injuries, and deaths. The health consequences of climate change are not limited to direct physical harm but also include economic and social impacts that affect health outcomes. Climate change disproportionately affects vulnerable populations, including children, older adults, and people with preexisting medical conditions. Climate change is a global problem that requires a global response, and the health sector has a critical role to play in addressing this challenge. The health benefits of climate action far outweigh the costs, and investing in climate change mitigation and adaptation can provide significant returns in terms of improved public health. Klimaendringer fører til stigende temperaturer, mer frekvente og intense værmessige hendelser, og endringer i økosystemer, noe som igjen fører til varme-relaterte sykdommer, skader",5,1
128,"Gassen som vi selv kunne brukt til å drive plattformene med, blir i stedet eksportert og brent i andre land. Det ser fint ut i klimaregnskapet, men det er bare på papiret. Moder Jord bryr seg ikke om hvor gassen blir brent. Verdifull strøm som vi har bruk for på land, blir i stedet sendt ut til plattformene.', It looks good on paper, but it's just a shell game. 'Valuable electricity that we need on land is instead being sent to the platforms.",3,3
129,Bevaring av norsk natur Sørge for at naturens evne til å ta opp og omsette CO2 til biomasse holdes ved like eller forbedres Strengt naturvern,3,3
130,"Det er store mengder av utslipp fra olje- og gassproduksjon som slippes ut i atmosfæren hvert år. Det er viktig å Redusere utslippene fra olje- og gassproduksjon for å beskytte miljøet og unngå store kostnader. Det er behov for internasjonalt samarbeid for å erklære utslippene fra olje- og gassproduksjon og finne løsninger på dette problemet. Det er viktig å ha en klar polítikk Situation rapport for å kunne ivareta nasjonens interesser i forhold til utslippene fra olje- og gassproduksjon. Det er viktig å ha en transparent og åpen debatt om utslippene fra olje- og gassproduksjon, så vi kan finne de beste løsningene for å reducere utslippene og ivareta miljøet.",5,5
131,Hvorfor ikke da ta med opptak i skog og myr i klimaregnskapet på lik linje med alle andre land vi ellers følger? (Why not include afforestation and peatlands in the climate accounting on the same level as all the other countries we follow?),3,3
132,"Det savnes et grensesnitt og en prioriteringsmekansime opp mot de øvrige bærekraftsmålene (sosiale forhold og økonomiske forhold). Dette gjelder spesielt der mål kan komme i konflikt med hverandre, for eksempel bistandsbudsjett vs. Enova-støtte, systemer for kildesortering vs. reguleringer for ansvarlig forbruk. Selv om denne rapporten ikke er ment å løse slike dilemmaer kunne det problematiseres og diskuteres at bærekraftsmålene kan konkurrere med hverandre, utfylle hverandre, komplettere hverandre osv. Dette kan eventuelt løses ved å påpeke at utfordringen er identifisert, med anbefaling om at tematikken utredes i en egen rapport.",1,1
133,Det norske markedet er for beskjedent til å ha særlig påvirkning på verken teknologiutvikling eller strategiske valg hos de store kjøretøyprodusentene. The Norwegian market is too small to have any significant impact on either technology development or strategic choices of the major automotive manufacturers.,0,0
134,Årlige budsjetter gjør langsiktig planlegging utfordrende.,1,1
135,"De dyre tiltakene ikke kan forsvares. Jo renere miksen er, jo dyrere blir kuttene.",3,3
136,"A large-scale Norwegian investment in offshore wind will position Norwegian industry internationally and strengthen Norwegian power production. Offshore Norge believes that a national production target for 2035 should be set and a grid solution to the sea should be established, in addition to ensuring a steady allocation of new areas for offshore wind.",2,2
137,"Norge kan bli et lavutslippsamfunn i 2050. Det er ikke tid eller råd til å velge bort gode klimaløsninger, som bærekraftig biodrivstoff. Vi må bruke virkemidler som gir rom for at dette skjer.",0,0
138,Tiltak for å redusere utslipp er en forbrytelse mot livet på jorda. Measures to reduce emissions are a violation of the right to life on earth.,3,3
139,Dokumentet har ikke noen signatur.,5,5
140,"Kommunen er ofte en stor, om ikke den største, arbeidsgiveren i mange kommuner. Kommunen gjennom sine handlinger kan være en drivkraft for lokal omstilling. Gjennom rollen som lokal koordinator og samfunnsutvikler kan kommunen bidra til å utvikle samfunnet på en måte som er bærekraftig. Ved å samarbeide med lokale bedrifter, organisasjoner og innbyggere kan kommunen få frem grønne initiativer og tiltak som å fremme grønn bygging, redusere avfall, og fremme resirkulering.",0,0
141,"Beregningsmåter og kunnskapsgrunnlaget for matsystemet kan gi utslag i ulike beslutningsgrunnlag, konklusjoner og prioriteringer. Beregningsmåter må ikke bli for generelle, slik at vesentlige faktorer som varierer mellom produksjons- og forsyningssystemer blir oversett. Vi trenger bedre norske data for å kunne vurdere potensial og effekter på ulike tiltak i det norske matsystemet.",1,2
142,"Forslagene til utvalget vil føre til store endringer i samfunnet, med svekket økonomi og merkbart lavere levestandard.",3,3
143,"The proposal does not take into account the importance of protecting entire ecosystems, and it does not provide sufficient measures to prevent the fragmentation of natural areas. The proposal also fails to address the issue of invasive species, which pose a significant threat to Norway\'s natural areas and biodiversity. Furthermore, the proposal does not provide sufficient protection for marine areas, which are an essential part of Norway\'s natural heritage. Additionally, the proposal does not take into account the impact of climate change on Norway\'s natural areas and biodiversity. Finally, the proposal does not provide sufficient funding for the protection and management of Norway\'s natural areas. I hope this helps! Let me know if you have any further questions.",1,1
144,"Jernbanedirektoratet (Norwegian Rail Directorate) will inform the department that this may affect the grensesnittet (intersection) and practical aspects of collaboration and coordination between Jernbanedirektoratet and Bane NOR. The Committee recommends that non-prissatte virkninger (non-market impacts) should be given greater weight in KVU-er (Environmental Impact Assessments). Jernbanedirektoratet has developed a new method for assessing non-prissatte virkninger, which is in line with the updated guideline from DFØ (Norwegian Public Roads Administration) for socio-economic analyses. The Committee recommends that state measures should be evaluated based on the total resource use and behavior they promote, not just socio-economic profitability. In light of these recommendations, it would be appropriate to provide clearer guidelines on what should be included as non-prissatte virkninger, how non-prissatte and priss",1,1
145,"Det er økonomisk ikke tilrådelig å legge opp til å avvikle petroleumsvirksomheten vår, som Klimautvalget går inn for. Etterspørselen etter olje og gass er ikke redusert på verdensbasis, og ligger heller ikke an til å bli det i uoverskuelig fremtid. Det Internasjonale Energibyrået (IEA) sier at til tross for ambisiøse mål om utslippskutt, vil verdens oljeetterspørsel frem mot 2040 øke med 12%, og at verden vil trenge 70 millioner fat olje pr. dag i 2040. Olje er mye mer enn bare til energi. Det blir brukt til asfalt, plast, til produksjon av byggematerialer, klær osv.",4,3
146,Det er ikke gode grunner for å bruke store summer av penger for å redusere små utslipp til null.,3,3
147,"Dagens registreringsmetodikk er svært ressurskrevende og tar lang tid, og det bør derfor tas i bruk kombinasjoner av digitale metoder, fjernmåling og feltarbeid. Det er behov for bedre regionale og nasjonale oversikter over eksisterende og planlagt arealbruk. Et naturregnskap vil være et nyttig verktøy både for nasjonalt, regionalt og lokalt nivå. Det er utfordringer knyttet til måling og prissetting av natur, og det er behov for forskning og utvikling av systemer for dette.",6,1
148,Ved å ta vare på skogen og de grønne arealene sikrer vi lagring og opptak av karbon. Ved å legge til rette for produksjon av fornybar energi sikrer vi reduksjon i utslipp av klimagasser. Det er problemstillinger knyttet til dette.,1,1
149,Legger kunnskap som et premiss for innspillene som gis. Bidrar til å gi legitimitet og forankre klima- og miljøpolitikken bredere blant innbyggerne. Base the input on knowledge.,2,2
150,"Instead of increasing the efficiency/load of gas turbines by fetching energy from the land, it is possible to couple more facilities together in a so-called ring supply.",0,0
151,"Til sammenligning ble det i 2020 i alt sluppet ut 49,3 millioner tonn CO2-ekvivalentar i Norge. De siste 30 årene har karbonlagring i skog økt med 43 prosent i Norge. Inkludert norskekystens tareskog er vi da allerede klimanøytrale i forhold til 2050-målet. Norske skoger tok opp 23,3 millioner tonn CO2-ekvivalenter i 2019. Karbonlagring i skog har økt med 43 prosent i Norge de siste 30 årene.",4,3
152,Den er tuftet på tilgjengelig dyrkbar mark og langsiktige biologiske prosesser. Svekket evne til å dekke befolkningens behov for mat og proteiner kan i gitte situasjoner være fatal.,0,2
153,"Den foreslåtte definisjonen av lavkarbon hydrogen i den delegerte rettsakten i EUs hydrogen- og avkarboniseringspakke krever minst 70 prosent utslippsreduksjoner sammenlignet med fossil, tilsvarende en øvre grense på 3,3 kgCO2e/kgH2. Norsk lavkarbon hydrogen fra naturgass levert til Europa vil ha svært lav karbonintensitet på 0,6-1,1 kgCO2e/kgH2. Tilsvarende tall ved bruk av 60 prosent biomasse og 40 prosent ikke-resirkulerbart avfall (plast, gummi, olje, osv.) til hydrogenproduksjon er ca. -9 kg CO2e/kgH2 ved CO2-fangstgrad på 97 prosent. Karbonintensiteten vil med ca. 0,5 kg CO2e/kgH2 også være svært lav om det kun er ikke-resirkulerbart, fossilt avfall som benyttes og tar i bruk samme CO2-fangstgrad.",0,0
154,NHF bidrar veldig gjerne i departementets videre arbeid Ta kontakt hvis dere har noen spørsmål eller ønsker mer detaljert informasjon,0,0
155,"En meldeplikt vil føre til økt byråkrati på kommune- og fylkesnivå, som vil påføre staten/skattebetalerne store kostnader. Vurderinger av hogstplaner kontrolleres både gjennom intern og ekstern kontroll, eksempelvis av Det Norske Veritas. En meldeplikt vil dermed påføre det offentlige en ekstra oppgave som allerede gjøres av skogbruket i dag.",0,0
156,"Skogen skal samtidig legge til rette for at skogen kan tas i bruk og ivaretar naturhensyn. En helhetlig og balansert tilnærming som ivaretar både behovet for grønn industriutvikling, natur og miljø- og klimahensyn må ligge til grunn. Det er viktig med kontinuerlig forbedring i systemene.",0,0
157,Petroleumsvirksomheten er motoren i den norske økonomien. Petroleumsvirksomheten sørger for enorme inntekter til statskassen. Dette vil få enorme konsekvenser for samfunnet. Dette er bekymringsfullt. The petroleum industry employs many people. We have no replacement for this. It is being completely ignored.,3,3
158,"Examples of climate measures with positive impacts include changes in diet, reduced food waste, and the use of grazing animals. The cessation of grazing leads to a reduction in carbon storage in grasslands (Garnett et al., 2017; Thorhallsdottir & Gudmundsson, 2023).",2,2
159,"LCOE utregninger fra NVE [1] LCOE ikke er et godt mål på det man ønsker å måle [2] Kostnader for kraftproduksjon vil også variere i stor grad fra kraftverk til kraftverk Tallene i visualiseringen er ment som et representativt anslag for et nytt kraftverk, og kan ikke brukes til prosjektering eller detaljplanlegging. LCOE-beregninger fra NVE [1] Forskjellige teknologier sammenlignes Kostnader for kraftproduksjon vil også variere i stor grad fra kraftverk til kraftverk",3,3
160,This estimate is too low. Equinor and its partner British Petroleum are requesting a subsidy of 2 kr per kWh to continue their investment.,4,3
161,"Når det gjelder energiområdet, mener vi at en må se på flere løsninger enn det utvalget tar for seg",0,0
162,This translates to: Biogas is a crucial factor for achieving the goals in 2030.,5,5
163,"Forslag fremmet av Aud Hove (SP) nytt pkt. om digitalisering, innovasjon og ny teknologi Enstemmig vedtatt med 56 stemmer",1,1
164,"Advokatforeningen oppfatter at det fortsatt er bred politisk enighet om klimamålene. Disse tiltakene er nødvendige for å oppnå klimamålene. Dette er et tungt og grunnleggende ansvar for politikken, knyttet til veivalgene som skisseres i NOU 2023:25.",0,0
165,Norge er avhengig av fortsatt tett samarbeid med EU om klimapolitikken. Norway is dependent on continued close cooperation with the EU on climate policy.,5,1
166,"The organization was formed in response to the Veterinarians' Climate Action in 2022, which called for stronger measures against the climate and nature crises and was signed by 20% of the country's veterinarians. 'Oversatt til norsk: Veterinært bærekraftforum (www.VetKraft.no) er en forening for dyrehelsepersonell som er engasjert i klima- og naturkrisene. Foreningen ble dannet i kjølvannet av Veterinærenes klimaaksjon i 2022, der 20 % av landets veterinærer skrev under på opprop til Storting og regjering for sterkere tiltak mot klima- og naturkrisene. Vi samarbeider med blant annet med Legenes klimaaksjon, som sender eget høringsinnspill.",0,0
167,"Nye Veier er også av den oppfatning at dagens klimavirkemidler i transportsektoren kan utformes på en mer treffsikker og effektiv måte. Virkningen av CO2-avgiften er f.eks. redusert de senere år som følge av reduksjon i andre avgifter. Bruken av biodrivstoff i transportsektoren er klimatiltak med høy samfunnsøkonomisk tiltakskostnad, i tillegg til kjente bærekraftsutfordringer.",2,2
168,"Gassen som vi selv kunne brukt til å drive plattformene med, blir i stedet eksportert og brent i andre land. Det ser fint ut i klimaregnskapet, men det er bare på papiret. Moder Jord bryr seg ikke om hvor gassen blir brent. Verdifull strøm som vi har bruk for på land, blir i stedet sendt ut til plattformene.",4,3
169,"Påvirkning fra bygg og anlegg reference is made to the impact of buildings and infrastructure on the environment. Kuttpotensialet som bygg- anleggs- og eiendomssektoren samlet representerer, må komme tydeligere fram. Uten større bevissthet hos myndighetene om dette, tror vi ikke vi får nødvendige virkemidler på plass for å løse ut kuttpotensialet.",0,0
170,The municipality sees potential for increasing production in urban areas where most of the electricity consumption occurs. It will make the energy system more robust.,1,1
171,En ny studie i The Lancet viste at tilgang til natur gir bedre psykisk helse og mindre risiko for å utvikle vanlige psykiske lidelser som angst og depresjon. Helsesektoren er en klimaversting.,0,0
172,"Omdisponert skogareal som ligger inne i eksisterende planer i kommunene er betydelig, og behovet for planvask er deretter. Utredningene før beslutninger tas er ofte svært mangelfulle, og skogbruksinteresser blir ofte ikke utredet i det hele tatt. Det er behov for en grundigere og mer differensiert utredningsprosess, som i større grad skiller mellom høy- og lavproduktive skogarealer. Lovgiving og virkemiddelbruk i skogbrukssektoren må gjennomgås. Skogbruksloven bør utvides med bestemmelser som sikrer framtidsskogen.",1,1
173,Resultatene fra denne innhøstingen dannet grunnlaget for matematiske metoder. 14 grupper i siste instans korrigerte parametere i ligningene som ble utarbeidet.,3,3
174,Develop a transport sector in line with low-emission goals Shift to transport modes with lowest resource and energy consumption and emissions,2,2
175,Vi trenger energieffektivisering. Vi trenger helhetlig energisystemtankegang.,2,2
176,"Dette gir et dårlig signal. Klimasats er kun videreført de siste årene gjennom forlik i Stortinget. Samfunnsbedriftene vektlegger behovet for statlig støtte, økonomiske virkemidler og reguleringer for å støtte en reell klimaomstilling. Klimasats er den eneste støtteordningen for grønn omstilling som alle kommuner kan søke på. Regjeringen har foreslått å ta Klimasats ut av statsbudsjettet flere år på rad. Dette gir et dårlig signal. Klimasats er kun videreført de siste årene gjennom forlik i Stortinget.",0,0
177,Denne strategien skal legges frem for Stortinget så raskt som mulig.,5,5
178,Samtidig som produksjonen av fornybar energi økes for å ha tilgang på tilstrekkelig energi. Dette vil være viktig for å få til en god og rettferdig omstilling.,0,0
179,"Kan vi gjøre noe med alle de andre utslippene av stoffer som virkelig er farlige? Fokuset på CO2-utslipp ser ut til å overskygge alt annet, som om alle verdens problemer blir borte bare vi halverer CO2-utslippene. CO2 er resultatet av alle forbrenningsprosesser, inkludert vår egen. Når vi puster ut, er det et CO2-utslipp. Ta for eksempel bilen. Man skjønte snart at eksosen inneholdt giftige gasser. Man fant opp løsninger, som f.eks. katalysatoren. Man kan altså rense ut så godt som alle giftige avgasser på en eller annen måte. Man ønsker å forby salg av alt annet enn elektriske biler. Men da må man ta inn over seg at den ikke er utslippsfri. Den er forbundet med store miljøbelastninger når den produseres, og da er det ikke bare CO2, men giftige utslipp jeg sikter til.",3,3
180,"Vi tror at det er på tide å se på alternativer til dagens system, som ikke fungerer optimalt for mange mennesker. Vi tror at vi bør ha en mer avansert skattlegging, som tar hensyn til deurekonomiske ressurser og ikke bare på inntekter. Vi tror at vi bør ha en mer inkluderende samfunnsmodell, som tar hensyn til alle mennesker, uavhengig av bakgrunn og funksjonshemning. Vi tror at vi bør ha en mer åpen og transparent forvaltning, hvor all informasjon er tilgjengelig for alle og ikke bare for etutvalgede. Vi tror at vi bør ha en mer ambis launch pad for nye ideer og initiativ, som kan hjelpe oss å nå våre mål i å ligge",1,1
181,The transition must be made in consultation with other social interests to ensure a just transition and popular support for the green shift.,0,0
182,"The main challenge for the transport sector is to secure energy at the right place and time. To ensure an effective, environmentally friendly, and safe transport system throughout the country by 2050, the energy and transport systems must be seen in greater connection.', Improved knowledge of the transport sector's energy needs will be an important starting point for considering the development of energy and transport systems in greater connection, and as a basis for policy formulation.",2,5
183,"Større maskiner vil bli tilgjengelige fra midten av 2030-tallet. Det er usikkert når teknologiene fases inn, i hvilke segmenter, og i hvilket omfang.",2,2
184,"Vindkraft reduserer naturens evne til å binde CO2, spesielt i myrområder. Hydraulikkolje kan lekke fra vindkraftanlegg. Klima, miljø og natur er påvirket negativt av vindkraft.",4,4
185,"Utvalget tror at vi kan fortsette med noenlunde samme liv bare uten klimagassutslipp. Moderne liv er avhengig av energi. Jo høyere levestandard, jo høyere energibruk og i de fleste steder av verden høyere klimagassutslipp. Å innføre et tilnærmet nullutslippssamfunn innen 2050 vil rasere velferdsstaten, levestandarden, landbruket, matproduksjonen og samfunnet slik vi kjenner det. Med ødelagt landbruk vil også folk sulte i hjel. Ingen vanlige mennesker som forstår konsekvensene av netto-null vil gå med på denne politikken.",3,3
186,"Nøysom bruk av ressurser må være et bærende prinsipp for framtidig økonomisk aktivitet, og framtidige beslutninger må tas basert på en forståelse av at alle ressurser er knappe. Jordvern er et særlig viktig tiltak som må være førende i kommunal og nasjonal arealforvaltning. Regjeringen har oppdatert jordvernstrategien med mål for omdisponering av dyrka mark satt til maksimalt 2000 dekar per år, og dette målet skal nås innen 2030. Nedbygging av jord må forbys. Avgjørelsesmyndighet i plansaker som omhandler bygging på matjord overføres fra lokale til nasjonale organ. Fremtidig økonomisk aktivitet må baseres på en forståelse av at ressourcer er knappe, og man måbruke ressourser nøysomt. Jordvern er et viktig tiltak i kommunal og nasjonal arealforvaltning. Det er ikke ønskelig å bygge på jordbruksarealer.",0,0
187,"Fylkesutvalet believes that the transition to a low-emission society by 2050 should take into account the decentralization of Norway, preventing economic and social inequality, and focusing on measures that promote this transition. Fylkesutvalet believes that the state should support innovative and large-scale projects initiated by municipalities and county municipalities to reduce greenhouse gas emissions. Fylkesutvalet is positive to the proposal that municipalities should have more responsibility in the climate transformation, and emphasizes that this must be followed up with guidance, tools, and resources.', Fylkesutvalet supports Klimautvalet's recommendations regarding energy, including a major investment in energy efficiency and nationally prioritized measures related to land use and resource management, as well as energy production and consumption.",1,1
188,"Dokumentavgiften er innrettet slik at det er en økonomisk fordel for en utbygger å rive eksisterende bygg for å bygge et nytt bygg, heller enn å bevare hele eller deler av den eksisterende bygningskroppen og rehabilitere bygget. Hovedregelen er at alle må betale dokumentavgift ved tinglysning av dokument som overfører fast eiendom. Avgiften er 2,5 % av eiendommens verdi på tinglysningstidspunktet. Dokumentavgiften blir regnet av salgs-/markedsverdien til eiendommen når dokumentet blir tinglyst, inkludert verdien av bygninger og faste anlegg. I tilfeller der eiendom ligger i aksjeselskap, er det aksjene som overføres, og det er da ikke nødvendig med tinglysning. Når eiendom selges direkte er det kjøper som har interesse av tinglysning og som hovedregel dekker dokumentavgiften. Utbyggere som velger en klima- og miljøvennlig løsning, som å rehabilitere bygget, straffes ved å måtte betale full dokumentavgift.",0,0
189,"Luftfarten er fremdeles preget av årene med pandemi, hvor næringen hadde store økonomiske tap. Den samlede skatte- og avgiftsleggingen av luftfarten må vurderes samlet. Dette med tanke på å sikre en god klimaprofil.",2,2
190,Bedrifter i finansbransjen har igangsatt arbeid for å bedre datainfrastrukturen for bærekraft. Det er problemer knyttet til tilgjengelighet og kvalitet på de datakilder som er tilgjengelig i dag.,0,0
191,"Klimautvalget viser til FNs klimapanel, spesielt spesialrapportene som det beste tilgjengelige kunnskapsgrunnlaget om 1,5-gradersmålet og om landareal. NKK er enig i dette og vi gjør oppmerksom på at FN’s klimapanel sier at målsetningen om å begrense den globale oppvarmingen til 1,5 grader ikke kan oppnås uten kjernekraft i energimiksen.",0,0
192,Å søke brede og ambisiøse klimaforlik,5,5
193,Et folkepanel er et tilfeldig utvalgt og representativt sammensatt panel av innbyggere. Panelet består av innbyggere som ikke vanligvis engasjerer seg i klima- og naturpolitikk.,2,2
194,The report should have included more assessments of the safety and geopolitical situation and the important role Norwegian oil and gas play for Europe.,2,2
195,"En stor del av klimautslippene fra vår økonomiske aktivitet skjer i andre land. God økonomi i Norge gjør at vi har et økende forbruk, som bidrar til ytterligere globale utslipp og økt press på ressurser. Norge har et høyt materielt forbruk per innbygger sammenlignet med andre land. Forbruket har miljømessig konsekvenser internasjonalt. Reduksjon av vårt forbruk er ikke uten betydning, men spiller trolig en liten rolle. Det vil også være svært krevende å oppnå all den tid økonomisk vekst og god velferd er et sentralt mål i Norges økonomiske politikk.",0,0
196,Det gjennom elektrifisering nå skjer på en måte som faser ut all direkte bruk av fossil energi.,0,0
197,"Opptak fra arealer bør derimot være et tillegg til en ambisiøs politikk for utslippskutt. Økt opptak fra arealer kan bidra til å oppnå «negativt utslipp» når utslippene fra fossile brensler og fra arealnedbygging og andre arealbruksendringer er redusert til tilnærmet null. Tiltak som øker karbonlagring i arealer, bør premieres av staten. Eksempel på nåværende premiering, er tilskudd til dyrking av fangvekster i korn, tidligpotet og grønnsaker. Slike tilskudd bør videreføres og utvides.",1,1
198,"Klimautvalget beskriver en gjennomgripende endring i alle deler av samfunnet som må gjennomføres på svært kort tid. Omstillingen vil skape usikkerhet, uro og mulige konflikter. Kunst og kultur utgjør sentral infrastruktur for demokratiet. Kunsten og kulturfeltet sikrer ytringsrom som åpner for maktkritikk, friksjon og påpekning av urettferdighet i endringsprosesser. Kunst og kultur kan spille en viktig rolle ved å formidle kunnskap på ulike måter, forestille seg framtidens samfunn, peke på dilemmaer, utforske nye løsninger lokalt og globalt, være arenaer for fellesskap og deltakelse og styrke lokalsamfunn. Dette kan forståes å inngå i det klimautvalget kaller «pedagogiske virkemidler» i omstillingsprosessen. Kulturrådet mener at en sterk satsing på kunst og kultur i tiden som kommer må anses som samfunnsmessig forsikring og forebygging.",1,1
199,Sidestrømmer fra skogen kan benyttes inn i neste generasjons biodrivstoffproduksjon. Det er fremdeles ikke fattet noen investeringsbeslutninger i trakten. Norge skal være godt posisjonert gjennom et industrielt miljø når innblandingskravene blir innført i EU.,2,2
200,Retningslinjer på etterspørselssiden må etableres Guidelines for the appeals process must be established,2,2
201,"Det mangler en analyse av hva bortfall av olje- og gassproduksjonen vil ha å si for verdiskaping, sysselsetting og ringvirkninger fra aktiviteten i leverandørindustrien og hos oljeselskapene i Norge. Konsekvensen av redusert verdiskapning fra olje og gass som følge av redusert leting og betydningen for norsk BNP er heller ikke tilstrekkelig belyst.",0,0
202,(High-speed rail in a multi-purpose concept will be in line with important recommendations in the Climate Action Plan 2050.),5,5
203,"InnoTre er en av tre tilsvarende klynger i Norge. InnoTre skal gjennom felles utviklingsprosjekter bidra til bærekraftig vekst, økt verdiskaping og lønnsomhet i verdikjeden.",2,2
204,Risiko for varmgang. Behovet for oppgradering av det elektriske linjenettet og lokale installasjoner.,4,4
205,"Vi tillegg til å bidra til utsleppskutt. (We also contribute to reducing emissions.) Note that the text does not include any specific facts or evidence to support the arguments, but rather states them as general claims.",4,4
206,Brukerorientert forskning (user-oriented research) I hope this helps! Let me know if you have any further questions.,6,6
207,There are several mechanisms to solve this coordination problem. Such contracts can be entered into between developers and both new and existing industry.,2,2
208,Introducing a fairer pricing system for transportation can contribute to this effort. Shifting more freight transport to rail and sea is crucial to achieve this goal. Building longer crossing spurs will be useful for efficient rail transport.,0,0
209,"Klimautvalget har levert en inngående og grundig rapport, og vi takker for muligheten til å gi innspill på denne. Biogass Norge er i likhet med Klimautvalget enige i at all politikk må ta utgangspunkt i at alle ressurser er knappe. Vi støtter anbefalingen om at verdikjeder og distribusjon av fornybar energi må være sirkulær. Flere land har to akselerert støtten til biogassproduksjon i de siste to årene, ifølge en ny rapport fra Det internasjonale energibyrået (IEA). Biogass anerkjennes og brukes som en moden teknologi som kutter klimagassutslipp her og nå, og som en nødvendig del av løsningen for å kunne nå 1,5 gradersmålet innen 2030. Samme utviklingen ser vi i EU og i våre nordiske naboland, som har klare politiske mål om å øke produksjonen av biogass. I Norge venter vi fortsatt på en storsatsing på biogass. Vi ønsker å løfte frem i dette høringssvaret at biogass er en del av løsningen for å oppnå flere av klimautvalgets hovedanbefalinger og forslag i rapporten, som igjen er nødvendig for å oppnå klimamålene Norge har forpliktet seg til.",0,0
210,Faglig klimaråd bør suppleres av et folkepanel med tilfeldig utvalgte innbyggere.,2,2
211,Argument 2: Kunstnere og kunst- og kulturaktører skal være uavhengige og ha mulighet til å ytre seg fritt og kritisk.,1,1
212,Advokatforeningen understreker videre at det bør etableres langsiktige politiske føringer om retningen i omstillingen som velges for å nå klimamålene. (The Bar Association emphasizes that long-term political guidelines on the direction of restructuring should be established to reach the climate goals.),0,0
213,"Wind turbines are polluting, with the risk of hydraulic fluid leakage and blade degradation, which contains harmful substances such as bisphenol A.",3,3
214,"Vi vil ha en mer effektiv bruk av bussresursene vi har, og vi tror at dette kan oppnås gjennom en bedre planlegging og drift av bussruta. Vi tror at det er viktig åtilfredsstille behovene til alle disse gruppene, og at dette kan oppnås gjennom en bedre utvikling av bussrutene i Rogaland.",5,5
215,"Gassen som vi selv kunne brukt til å drive plattformene med, blir i stedet eksportert og brent i andre land. Det ser fint ut i klimaregnskapet, men det er bare på papiret. Moder Jord bryr seg ikke om hvor gassen blir brent. Verdifull strøm som vi har bruk for på land, blir i stedet sendt ut til plattformene. The gas that we could have used to power our platforms is instead being exported and burned in other countries.', Mother Earth doesn't care where the gas is burned.",4,3
216,"Norske skoger tar opp 47 prosent av det samlede karbonutslippet, ifølge SSB. Norwegian forests absorb 47 percent of the total carbon emissions, according to SSB.",4,3
217,Stiavhengighet handler om valg. Valg tatt på et tidspunkt kan angi retningen for samfunnsutviklingen på en måte som påvirker hvilke valg som er tilgjengelige på et senere tidspunkt. NBS ser på stiavhengighet som et nyttig rammeverk for å understreke viktigheten av videreføring av kompetanse og kunnskap i norsk jordbruk.,0,0
218,Dette vil utvilsomt påvirke investeringsbeslutninger om karbonfangst. Avfall Norge ber partiene gå inn for å fjerne avgiften på avfallsforbrenning i sin helhet.,0,0
219,"Emissions from the aquaculture sector should be reduced, and since the largest emissions are related to imported feed, it should be encouraged to produce low-emission feed, preferably through the development of national/regional circular value chains.",1,1
220,Arbeidsgiverforeningen Spekter støtter utvalgets konklusjoner om at: \t+ Det er viktig å ha en rasjonell og effektiv behandling av asylsøknadene. \t+ Det er viktig å ta hensyn til flyktningene og deres rettigheter. \t+ Det er viktig å sikre at Norge får en bedre integrering av flyktninger. I hope this helps! Let me know if you have any further questions.,0,0
221,"NHO mener utvalgets grep med å vurdere hvilke utslipp som står igjen i 2050, når 90-95 prosent av utslippene er kuttet, bidrar til økt forståelse av omstillingen vi skal igjennom, og hva som trengs å gjøres. De fleste sektorer i Norge må da ha fjernet alle sine utslipp. Gjenstående utslippsbudsjett på 2,5-5 millioner tonn vil være fylt opp av jordbrukssektoren og utslipp fra norsk matproduksjon, dersom det ikke iverksettes kraftfulle tiltak også der. Gjenværende utslipp fra petroleumsvirksomheten vil avhenge av utviklingen i karbonpris og aktivitetsnivået på sokkelen fremover samt utviklingen av nye verdikjeder. Dette er igjen avhengig av etterspørselen etter olje og gass i europeisk industri og energiforsyning, og hvorvidt utslipp fra leting og produksjon, -samt drift av installasjoner og landanlegg, er fjernet ved bruk av elektrifisering (kraft fra land og havvind), CCS, og andre tiltak.",0,0
222,"Tog bruker svært lite energi sammenlignet med andre transportmidler for samme transportmengde. Moderne tog på elektrisk kraft gir nesten ingen klimagassutslipp. Overført trafikk fra fly, trailere og biler til moderne baner vil redusere energibruken innen samferdsel med flere TWh årlig og klimautslip\xadpene med flere millioner tonn CO2 -ekvivalenter årlig. Jernbane er også meget arealeffektiv. Dobbelt\xadsporet bane trenger bare halve bredden og har mangedoblet kapasitet i forhold til en firefelts motorvei.",5,5
223,"Økning av kraftproduksjonen fram mot 2050 kan være urealiserbar. Både jord, kulturlandskap, natur og fjernvirkninger fra anlegg må inngå i en slik dokumentasjon. It will be required in a democracy to show the public how much land will need to be cleared to achieve 390 TWh.",0,0
224,"Incentiver for brukte deler Klimautvalget mener Transportpolitikken må ses på som en del av utviklingen til en sirkulær økonomi Behovene for transport av varer og materialer for ombruk, gjenbruk og gjenvinning. Incentiver for brukte deler Klimautvalget mener Transportpolitikken må ses på som en del av utviklingen til en sirkulær økonomi Behovene for transport av varer og materialer for ombruk, gjenbruk og gjenvinning",0,0
225,This translates to Phasing out fossil fuels has broad support in the healthcare sector.,1,1
226,"Å foreslå å fase ut olje- og petroleumsvirksomheten, som Klimautvalget gjør, er etter Sola INPs mening uklokt og inkonsekvent.",4,3
227,En omstilling av energisystemet er helt nødvendig for å nå målene om lavutslippssamfunn. Å redusere mulighetene for å lagre og binde karbon er viktig.,1,1
228,Økt energieffektivisering sparer naturen for inngrep ifm. kraftproduksjon. Økt energieffektivisering er helt konfliktfritt. Økt støtte til energieffektivisering må prioriteres av virkemiddelapparatet. Støtten bør sikte til mest mulig spart energi per støttekrone.,2,0
229,Increasing the production of renewable energy to ensure access to sufficient energy to replace fossil energy. Krever sterkere tiltak for energieffektivisering.,5,5
230,"innovasjon er wichtig for næringslivets framtid omstilling er nødvendig i næringslivet teknologi spiller en viktig rolle både i innovasjon og omstilling små og mellomstore bedriftar er viktige for innovasjon vi skal ha ein total Awards for innovasjon og omstilling samarbeid mellom næringsliv, forskningsinstitusjoner og offentlig sektor er viktig for innovasjon grønn teknologi og bærekraftig utvikling har stor potential for innovasjon vi skal ha ein kontinuerlig utdanning og opplæring i innovasjon og omstilling intellektuell eiendomsrett er viktig for innovasjon regjeringens politikk og støtte er viktig for å fremme innovasjon og omstilling",0,0
231,"Ettårige planter har mest biomasse over jorda, flerårige lagrer mest i skudd, og røtter. Det lagres i jorda og i trevirke. Noe returneres ved forråtnelse av dødt plantemateriale. Nedbrytningen øker omfanget av organisk jord, som igjen øker det viktige mikrolivet i jordsmonnet og bidrar til bedre plantehelse.",3,3
232,Sektorvis forvaltning av ressursgrunnlaget drar oss i ulike retninger. I verste fall kan dette føre til feilslag i klimaarbeidet. Kravene i naturavtalen må innarbeides i lovverket. Sektorlover som kan ha betydning for omstillingen til lavutslippssamfunnet må gjennomgå «klimavask».,1,1
233,"Norges Fiskarlag agrees that more knowledge is needed about the uptake and storage of carbon in marine ecosystems, and that this knowledge should be incorporated into fisheries management.",0,0
234,"Norway has the second cleanest energy mix in the world, after Iceland.",4,3
235,"Bistandssamarbeidsland er viktige for Norge. Det er derfor viktig å fortsette å styrke klima-, miljø- og natursatsingen i bistanden.",6,5
236,"It employs many people. There is no compensation for the negative impacts of the industry. These consequences are being completely ignored. Here are the arguments in Norwegian, without paraphrasing or summarizing: Petroleumsverksemda er motoren i den norske økonomien. Den sørgjer for enorme inntekter til statskassen. Vi rett og slett ikkje har ein erstatning for. Det vert det altså sett heilt bort ifrå. Det er bekymringsfullt.",4,4
237,"Arealer er en begrenset ressurs. Fornybar energi er en betingelse for framtidens lavutslippssamfunn. Produksjon av fornybar energi betinger bruk av arealer. Arealbruk til produksjon av fornybar energi trenger ikke å ødelegge verdifull natur. Dette arealet brukes til i stor grad veier og annen infrastruktur for kommunikasjon, boliger, næringsbygg og fritidsbebyggelse.",1,1
238,Fondet skal finansieres av inntektene fra olje- og gassvirksomheten.,0,0
239,330 millioner tonn CO2 pr. år er 12% av EUs utslepp. Utan å ta oss betalt.,4,4
240,"The RCP8.5 scenario was used as the basis for the 'business-as-usual' scenario in the IPCC's Fifth Assessment Report (2013-2014). 'Den omfattende bruken av scenariet RCP8.5 ødelegger klimamålenes legitimitet. Klimapanelet kalte ikke scenariet for business-as-usual med unntak av ett tilfelle i AR5 Climate Change 2014: Impacts, Adaptation, and Vulnerability.",3,3
241,"Karbonprising er nevnt som et virkemiddel. For å sikre at viktige bærebjelker i matsystemet og samfunnet ikke forsvinner, bør også nytteverdi telle inn i regnskapet. Vi må sikre at vi produserer næringstett mat fremfor tomme kalorier. Videre må man sikre at en slik karbonprising ikke fører til at matjordarealer går ut av drift, eller at det oppstår målkonflikter med tanke på et aktivt landbruk over hele landet, beredskap eller selvforsyningsgrad.",2,2
242,"Gassen som vi selv kunne brukt til å drive plattformene med, blir i stedet eksportert og brent i andre land. Det ser fint ut i klimaregnskapet, men det er bare på papiret. Moder Jord bryr seg ikke om hvor gassen blir brent. Verdifull strøm som vi har bruk for på land, blir i stedet sendt ut til plattformene.', It looks good on paper, but it's just a shell game. 'Valuable electricity that we need on land is instead being sent to the platforms.",4,3
243,Norge har i dag mye hogstmodent tømmer stående. Det vil føre til lavere opptak i skog- og arealbrukssektoren på kort sikt.,0,0
244,"The label covers the entire product lifecycle, from raw materials and production to use, reuse, and waste. Choosing a product with the Svanemerket label contributes to solving the triple environmental crises and supports the goal of a low-carbon society. Merket dekker hele produktets livssyklus, fra råmaterialer og produksjon til bruk, gjenbruk og avfall. Å velge et produkt med Svanemerket bidrar til å løse de triple miljøkrisene og bygger opp under målet om lavutslippssamfunnet.",5,5
245,Vedtak til høringssvar.,1,1
246,Kostnadseffektiv omstilling: Organisationen를Argumenterer also for at en kostnadseffektiv omstilling vil gi større ressurser tilgjengelig til å løse andre presserende samfunnsoppgaver. Vindkraft på land: Organisationen argumenterer for at utbygging av vindkraft på land være den mest kostnadseffektive måten å legge til rette for ny kraftproduksjon i Norge.,2,2
247,"Klimautvalget har gitt gode, grundige anbefalinger som angår kommunens virksomhet både direkte og indirekte. Det må bli enklere å ta klimavennlige valg, både for næringslivet, privatpersoner og offentlig sektor. Virkemidlene må innrettes på en slik måte at stimulansen økes på en rettferdig måte, og at den største innsatsen gjøres på de mest effektive tiltakene.",1,1
248,"It looks good on paper, but it doesn't matter to Mother Earth where the gas is burned. Here's the output in Norwegian: 'Det ser fint ut i klimaregnskapet, men det er bare på papiret. Verdifull strøm som vi har bruk for på land, blir i stedet sendt ut til plattformene.",3,3
249,It is not given that there will be enough quotas available in the future or at a reasonable price. Implementing emissions-reducing measures to reach near-zero emissions in 2050 is important not only for Norway but also from a global perspective.,2,2
250,Reint beredskapsmessig vert også samfunnet meir sårbart når alt er avhengig av elektrisitet. Relying only on electricity makes society more vulnerable. Relying only on electricity,4,4
251,The reason for this focus is the belief that CO2 emissions contribute to global warming. Rapporten har fokus på utslippsreduksjon av CO2.,3,3
252,"Dette vil få en dramatisk effekt på økonomien. Utvalget bare viser til at det ikke er deres mandat. Det å peke på en rekke tiltak som får store konsekvenser, og samtidig utelate konsekvensanalyser, holder ikke. In English translation: The report lacks comprehensive economic and societal impact assessments. Pointing to a number of measures that will have significant consequences while ignoring impact assessments is not valid.",4,3
253,Utvalet skal vurdere måloppnåing og nytte i høve til den samfunnsøkonomiske kostnaden. Dette er ikke i tråd med mandatet.,1,1
254,"The animal products produced by Norwegian farmers are of world-class quality, sustainability, and animal welfare.",2,2
255,"Fylkeskommunen støtter utvalgets anbefaling om å styrke og utvikle kunnskapsgrunnlaget, beregninger og statistikk om forbruksbaserte utslipp og sirkulær økonomi. Akershus fylkeskommune støtter også utvalgets forslag om å utarbeide klimamål for utslipp og opptak fra skog- og arealbrukssektoren. Nasjonale mål om forbruk, energi og mål for areal- og skogbrukssektoren må imidlertid kunne følges opp på lokalt og regionalt nivå. Det vil være behov for å styrke og utvikle datagrunnlag, statistikk og felles indikatorer som kan brukes av kommuner og fylkeskommuner. Oppdatering i datagrunnlag bør komme årlig. EU har flere verktøy for kommuner og fylkeskommuner som er lite tilgjengelig for norske aktører per dags dato. Det finnes ikke offisiell norsk energistatistikk fordelt på kommunenivå, og den norske kommunefordelte klimastatistikken skiller seg på flere områder fra kommunefordelt klimastatistikk som brukes i EU.",1,1
256,It employs many people. There is no replacement for the revenue generated by the petroleum industry. The importance of the petroleum industry is being completely ignored. Petroleumsvirksomheten er motoren i den norske økonomien. Den sørger for enorme inntekter til statskassen. Det vil få enorme konsekvenser for samfunnet. Det blir det altså sett helt bort fra.,3,3
257,"Virkningene av klimaendringene er langsiktige (The effects of climate change are long-term)', Situasjonen kan bli svært alvorlig for dagens barn og fremtidige generasjoner (The situation can become very serious for today's children and future generations) Barneombudet henviser til Grunnloven § 104 annet ledd og FNs barnekonvensjon artikkel 3 (The Children's Ombudsman refers to the Norwegian Constitution, Article 104, and the UN Convention on the Rights of the Child, Article 3)",1,1
258,"Norwegian: Olje- og gassindustrien er i ferd med å stadig downtune produksjonen, det er derfor nødvendig å utvikle nye industrier for å ta over ettererte. Norwegian: Overgangen til fornybar energi er nødvendig for å combatre klimaendringene og sikre en bærekraftig fremtid. Norwegian: Norsk sektor har potensialet til å bli en hub for fornybar energiproduksjon, spesielt vindkraft og havenergi. Norwegian: Regjeringens ambisjon er å fremme utviklingen av nye industrier på kontinentalsokkelen, deriblant vindkraft, havenergi og karbonfangst og -lagring. Norwegian: Utviklingen av nye industrier på kontinentalsokkelen kan skape nye jobber og økonomisk vekst for regionen. Norwegian: Overgangen til fornybar energi og utviklingen av nye industrier på kontinentalsokkelen vil kreve",0,0
259,"Økt og endret virkemiddelapparat for sirkulær omstilling (som også utløser lavutslippsomstilling) Bør derfor ses på som et minimum for å utløse omstilling som feier for egen dør, ikke som en del av et “kappløp”.",0,0
260,Eksempler på dette er: b. Manglende tydelighet i plan- og bygningsloven knyttet til adgangen til å gi klimakrav i arealplaner og reguleringsplaner. Kommunens arbeid for å endre dette tar tid og ressurser som går på bekostning av annen utvikling av klimatiltak.,1,1
261,Våre viktigste innspill og synspunkter er: Det behovs en klar og tydelig definisjon av hva slags trusler som skal inkluderes i farevarslingssystemet. Det er nødvendig med en mer systematisk og strukturert tilnærming til risikovurdering og -håndtering for å sikre at alle Typer trusler tas hånd om på en consistent og effektiv måte. Det behovs en klar kommunikasjonsstrategi for å sikre at informasjon om trusler og tiltakaqu noch providesning til alle berørte parter på en effektiv og áovieash pic vis. Det behovs en kontinuitetsplan for å sikre at farevarslingssystemet stadig evalueres og forbedres for å kunne møte fremtidige utfordringer.,0,0
262,YS støtter utvalgets anbefaling om at det er nødvendig med en mer sirkulær økonomi.,0,0
263,Samfunnsbedriftene er enig med Klimautvalget Det er behov for tydelige mål for hvordan den norske utslippsutviklingen skal være frem mot 2050. There is a need for clear targets for how the Norwegian emissions development should be by 2050.,0,0
264,"Energi som vi trenger til andre ting blir sløst vekk til å elektrifisere bil- og båttrafikk, samt sokkelen.",4,3
265,Arealpolitikken må bidra til bevaring av naturens karbonlagre. (Areal politics must contribute to the preservation of nature's carbon sinks.) 'The loss of nature must be limited.,1,1
266,Luftfarten er arealeffektiv. Det vil også være en transportform som unngår omfattende nye naturinngrep i tynt trafikkerte transportkorridorer. Omfattende utbygging av vei- og jernbaneinfrastruktur ville skapt.,0,0
267,Sette strengere krav til bruk av sprengstoff i åpent brudd,3,0
268,"Å bygge nytt, bør man bygge så konkurransedyktig som mulig, av hensyn til både klima og miljø, marked og inntektspotensial/økonomi. Mest mulig overført trafikk, vil gi størst mulig klima-, miljø- og samfunnseffekt. Baner for høy fart har jo større svingradius enn baner for lav fart, men konsekvensen er svært ofte at en velger mer tunnel og tilsvarende redusert arealbehov.",5,5
269,"å vri virkemidlene i grønn retning for næringslivet, jordbruk, forbruk og energi å bruke skattesystemet omfordelende fra de som har best økonomisk og sosial evne til å klare en kostnadskrevende omstilling til de som har dårligst forutsetninger",4,0
270,"Av utslippene i 2021 på 49,2 millioner tonn CO2-ekvivalenter, var om lag 33 millioner tonn, eller mer enn 65 prosent, CO2 fra forbrenning av fossil energi i blant annet transport, på sokkelen og i industrien. Elektrifisering er hovedgrepet for å fjerne disse utslippene. Over halvparten av utslippene i 2021 blir redusert eller fjernet til 2050 i utvalgets analyse ved bruk av elektrisk kraft. Kraft er derfor en ressurs det vil være høy etterspørsel etter.",0,0
271,Norge er avhengig av fortsatt tett samarbeid med EU om klimapolitikken. I hope this helps! Let me know if you have any further questions.,0,0
272,Det er en del av et grønt skifte. Direkte kostnader i form av skatter og avgifter.,0,0
273,The BAE sector's responsibility and opportunities for reducing greenhouse gas emissions are mentioned indirectly through the potential for energy efficiency in buildings.,0,0
274,Stavanger kommune ønsker insentiver for utslippsreduserende tiltak innen eksisterende drift i olje- og gassvirksomhet. Gassturbiner står for 80% av næringens utslipp og 20% av Norges samlede utslipp. Effektivisering av eksisterende gassturbiner vil derfor ha betydelig effekt på Norges samlede klimagassutslipp.,1,1
275,"A strong goal-setting, anchored in the law, that unites these, is supported as an overarching organization and must include all affected sectors. Det er helt nødvendig med et tett samspill mellom aktørene og det offentlige for å lykkes. En sterk målstyring, forankret i loven, som forener disse, støttes som en overordnet organisering og må omfatte alle berørte sektorer.",2,2
276,"Det finst ikkje gode grunnar for å bruke dei summane vi pr. dags dato bruker for å redusere små utslepp til null. Utslippskutt må foretas der det monnar mest og ein får mykje for pengane, noko som heng betre saman med desse begrepa.",4,4
277,Det er realistisk (It is realistic) Nødvendig (Necessary),0,5
278,"Forslag fremmet av Joakim Ekseth (H) Vedtatt med 45 stemmer avgitt av 18 AP, 10 H, 1 KrF, 2 MdG, 2 PP, 10 SP, 2 INP De som stemte imot; 5 FrP, 2 R, 2 SV, 2 V",1,1
279,"Increases or decreases in remote sensing-based vegetation greenness are referred to as greening or browning Global browning signals due to drought stress have been widely reported Global greening was present (trend between 3.1–6.4 ×10−3 m2 m−2 yr−1) and continued (growth rate trend between 3.3–6.4 ×10−4 m2 m−2 yr−2) during 2001–2020 Browning acceleration occurred in only 7.28% of the globe Drought trend did not necessarily trigger vegetation browning, but slowed down the rate of greening.",3,3
280,Kulde dreper flere mennesker i verden enn varme. Høyere CO2-innhold vil gi en grønnere klode.,3,3
281,"Hjelpe til å bygge opp effektive og inkluderende mat- och næringskjeder i utviklingsland, med stor vekt på å sikre at mat produseres og distribuert på bærekraftig vis. Støtte forskning og utvikling av nye teknologier og metoder for bærekraftig matproduksjon og distribusjon, og bidra til å spre kunnskap og innovasjon til utviklingslandene. I Additionally, the strategy includes: Supporting the development of sustainable and inclusive food systems in developing countries, with a focus on ensuring that food is produced and distributed sustainably. Supporting research and development of new technologies and methods for sustainable food production and distribution, and sharing knowledge and innovation with developing countries.",2,2
282,"Utvalget anbefaler at det bør satses på direkte elektrifisering så langt som mulig, og ikke energikrevende drivstoff som hydrogen eller biodrivstoff. YS ønsker å legge til at om vi skal lykkes med elektrifisering av lufttransporten, må det på plass gode incentivordninger.",0,0
283,"Long-term and transparent systems can provide greater predictability for companies such as Hafslund, which can be positive for our investments. A strengthened governance system should be established in a way that allows for both network development, energy savings, and the construction of new renewable energy production, to the extent that climate targets can be met.",2,2
284,"It is good, but not enough. Investing in education and competence development for active workers, as well as establishing a competence fund (similar to the Hurdalsplatform) for lifelong learning, is crucial. These measures will contribute well alongside inter-municipal solutions for more attractive competence environments and better recruitment opportunities.",0,0
285,Thema Consulting har analysert potensialet for havvind i den norske delen av Nordsjøen frem mot 2050. En slik satsning vil ifølge analysene gi grunnlag for en stor norsk havvindindustri. En slik industri kan gi 80 mrd i årlig verdiskaping. Et stort hjemmemarked som leverandørindustrien kan bygge seg opp i.,2,2
286,"Klimamålet for 2050 er nedfelt i klimaloven – lov om klimamål av juni 2017 – som ble vedtatt med støtte fra nesten alle partiene i Stortinget i forlengelsen av det såkalte klimaforliket i Stortinget fra 2012, jf. Prop.77L (2016-2017).",0,0
287,Vi er godt i gang (We are well underway) Klimamål som kan oppfylles (Climate goals that can be fulfilled),3,3
288,"The calculation does not include CO2 emissions associated with construction, operation, dismantling, and waste management.",3,3
289,Klima- og næringspolitikken må dra i samme retning. CO2-kompensasjonsordningen er et grunnleggende virkemiddel for å oppnå dette. Ordningen bør gjøres betinget av at støttemottakerne benytter deler av støtten til utslippsreduserende tiltak. Svekkelsen i ordningen de to siste årene har fjernet forutsigbarheten på en måte som gjør Norge et langt mindre attraktivt land for store investeringer i klimateknologi.,0,0
290,"Forholdet mellom priser på nye varer, ombruk og reparasjoner av brukte varer Krevende å gjøre konsumet i Norge mer sirkulært",2,2
291,"Ikke start opp havvind. Helt unødvendig når 1 og 2 er gjort!', Don't start the wave farm. 'I hope this helps! Let me know if you have any other questions.",3,3
292,Utvinning av fossilt brennstoff har konsekvenser for barns rettigheter. Staten skal legge avgjørende vekt på hva som vil være til barnets beste.,5,5
293,Tiltakene rettet mot petroleumssektoren vil koste samfunnet. Tiltak overfor petroleumssektoren bør derfor utredes ytterligere. Measures targeting the petroleum sector will cost society. Measures against the petroleum sector should therefore be further investigated.,1,5
294,"Veterinærinstituttet er Norges ledende kunnskapsleverandør for nasjonal beredskap innen fiskehelse, dyrehelse, dyrevelferd, samt fôr- og mattrygghet. Våre kjerneaktiviteter er forskning, innovasjon, overvåking, risikovurdering, rådgiving og formidling og kunnskapsstøtte i tillegg til diagnostikk. Vårt innspill vil primært fokusere på kapittel 7 Matsystemet.",1,1
295,Klimautvalget har lyktes godt med å se klima og natur i sammenheng. Vi støtter høringssvaret fra Norsk institutt for naturforskning (NINA).,0,0
296,Norge kan bli et lavutslippssamfunn i 2050. Klimagassene som ikke er innkludert i definitionen av et lavutslippssamfunn er hydrogendioksid (H2O). Kjemisk likevekt vil bli opprettholdt.,3,3
297,Det internasjonale atomenergibyrået (IAEA) beskriver at det tar 10 – 15 år å etablere kjernekraft i et land helt uten lovverk og erfaring innen kjernekraft.,2,2
298,"Det er viktig å ikke bare kreve inn en karbonpris, men også gi støtte til teknologiutvikling og -implementering. Støtte til innføring av ny teknologi og infrastruktur kan komme inn, sammen med utviklingskontrakter og andre virkemidler i offentlige innkjøp.",0,0
299,Uten at vi forlenger det fossile?,5,5
300,"Kjernekraft er den energiformen som krever minst areal per energienhet produsert. In Norwegian, this would be: Kjernekraft er den energiformen som krever minst areal per energienhet produsert.",0,0
301,"Verdens økonomiske aktiviteter legger beslag på stadig større landarealer og knappe naturressurser. Vi må derfor bevege oss i retning av et mer bærekraftig forbruksmønster hvor vi beholder ressursene i kretsløpet så lenge som mulig, samtidig som vi sikrer ny verdiskaping. Omstilling i retning av en mer sirkulær økonomi vil dempe presset på knappe naturressurser og sårbare økosystemer, og bremse tapet av naturmangfold. EU har som mål å redusere ressursforbruk og doble sirkulær materialbruk i det kommende tiåret. Arbeidet får betydning for Norge gjennom EØS-avtalen. Nye produktkrav og reguleringer vil skape nye markeder og verdikjeder, og gjøre det mer lønnsomt å skape varige og bærekraftige produkter.",0,0
302,"Målet for transportpolitikken er et effektivt, miljøvennlig og trygt transportsystem i hele landet i 2050. De ulike transportformene har ulike fortrinn og spiller derfor ulike roller for å skape tilgjengelighet, i ulike deler av landet. UFF-rammeverket på nasjonalt nivå i Norge kan bli noe unyansert da det en rekke steder ikke eksisterer alternativer til luftfart innenfor rimelig tids- og ressursbruk. I et land som Norge bør fokus på overordnet nivå derfor være å utnytte fortrinnene til de ulike transportformene alene eller som et sammenhengende system, både med dagens teknologi og fremtidig teknologisk handlingsrom, fremfor hvilken transportform som skal prioriteres eller unngås. For eksempel er det i Sverige satt i gang en utredning hvor en skal se nærmere på mulighetene for å innlemme null- og lavutslippsluftfartøy som del av kollektivtrafikken i Nord-Sverige, som et supplement til landbasert kollektivtrafikk og lettere godstransport. For å skape forutsigbarhet for markedet og gi enda sterkere insentiver til klimavennlige og lønnsomme investeringer også i luftfarten, mener Avinor disse aspektene bør komme tydeligere til uttrykk i kommunikasjonen rundt UFF-rammeverket og utviklingen av fremtidens bærekraftige transportsystem.",2,2
303,Vi trenger å starte arbeidet med omstillingen nå.,0,0
304,"Regelverket er et hinder for å gå fra pilot til en ny hverdag. Kravet skal utformes slik at de kan justeres ettersom man høster erfaring og ny kunnskap og teknologi kommer til. Større ikke-søknadspliktige endringer/ombygginger med tilhørende løst inventar bør underlegges krav om ombrukskartlegging, og inkluderes i klimaregnskapet.",0,0
